destination,cruise
Africa,Any Cruise Line
Africa,Azamara Club Cruises
Africa,Fred. Olsen Cruise Lines
Africa,Oceania Cruises
Africa,Silversea Cruises
Alaska,Any Cruise Line
Alaska,Azamara Club Cruises
Alaska,Celebrity Cruises
Alaska,Crystal Cruises
Alaska,Cunard Line
Alaska,Hurtigruten
Alaska,Norwegian Cruise Line
Alaska,Oceania Cruises
Alaska,Princess Cruises
Alaska,Regent Seven Seas Cruises
Alaska,Royal Caribbean International
Alaska,Seabourn
Alaska,Silversea Cruises
Antarctica,Any Cruise Line
Antarctica,Hurtigruten
Antarctica,Silversea Cruises
Arctic,Any Cruise Line
Arctic,Crystal Cruises
Arctic,Hurtigruten
Arctic,Regent Seven Seas Cruises
Arctic,Saga Cruises
Arctic,Silversea Cruises
Australasia,Any Cruise Line
Australasia,Azamara Club Cruises
Australasia,Carnival Cruise Lines
Australasia,Celebrity Cruises
Australasia,Crystal Cruises
Australasia,Cunard Line
Australasia,Fred. Olsen Cruise Lines
Australasia,Norwegian Cruise Line
Australasia,Oceania Cruises
Australasia,Princess Cruises
Australasia,Regent Seven Seas Cruises
Australasia,Royal Caribbean International
Australasia,Silversea Cruises
Caribbean,Any Cruise Line
Caribbean,Avalon Waterways
Caribbean,Azamara Club Cruises
Caribbean,Carnival Cruise Lines
Caribbean,Celebrity Cruises
Caribbean,Crystal Cruises
Caribbean,Cunard Line
Caribbean,Holland America Line
Caribbean,Hurtigruten
Caribbean,Marella Cruises
Caribbean,MSC Cruises
Caribbean,Norwegian Cruise Line
Caribbean,Oceania Cruises
Caribbean,Princess Cruises
Caribbean,Regent Seven Seas Cruises
Caribbean,Royal Caribbean International
Caribbean,Saga Cruises
Caribbean,Silversea Cruises
Caribbean,Star Clippers
